[{
    "questionId": 1,
    "question": "I have felt cheerful and in good spirits",
    "picId": {
        "id": 1
    },
    "options": [
        {
            "value": 0,
            "response": "At no time"
        },
        {
            "value": 1,
            "response": "Some of the time"
        },
        {
            "value": 2,
            "response": "Less than half of the time"
        },
        {
            "value": 3,
            "response": "More than half of the time"
        },
        {
            "value": 4,
            "response": "Most of the time"
        },
        {
            "value": 5,
            "response": "At all the time"
        }
    ],
    "answer": ""
},
{
    "questionId": 2,
    "question": "I have felt cheerful and in good spirits",
    "picId": {
        "id": 2
    },
    "options": [
        {
            "value": 0,
            "response": "At no time"
        },
        {
            "value": 1,
            "response": "Some of the time"
        },
        {
            "value": 2,
            "response": "Less than half of the time"
        },
        {
            "value": 3,
            "response": "More than half of the time"
        },
        {
            "value": 4,
            "response": "Most of the time"
        },
        {
            "value": 5,
            "response": "At all the time"
        }
    ],
    "answer": ""
},
{
    "questionId": 3,
    "question": "I have felt cheerful and in good spirits",
    "picId": {
        "id": 3
    },
    "options": [
        {
            "value": 0,
            "response": "At no time"
        },
        {
            "value": 1,
            "response": "Some of the time"
        },
        {
            "value": 2,
            "response": "Less than half of the time"
        },
        {
            "value": 3,
            "response": "More than half of the time"
        },
        {
            "value": 4,
            "response": "Most of the time"
        },
        {
            "value": 5,
            "response": "At all the time"
        }
    ],
    "answer": ""
},
{
    "questionId": 4,
    "question": "I have felt cheerful and in good spirits",
    "picId": {
        "id": 4
    },
    "options": [
        {
            "value": 0,
            "response": "At no time"
        },
        {
            "value": 1,
            "response": "Some of the time"
        },
        {
            "value": 2,
            "response": "Less than half of the time"
        },
        {
            "value": 3,
            "response": "More than half of the time"
        },
        {
            "value": 4,
            "response": "Most of the time"
        },
        {
            "value": 5,
            "response": "At all the time"
        }
    ],
    "answer": ""
},
{
    "questionId": 5,
    "question": "I have felt cheerful and in good spirits",
    "picId": {
        "id": 5
    },
    "options": [
        {
            "value": 0,
            "response": "At no time"
        },
        {
            "value": 1,
            "response": "Some of the time"
        },
        {
            "value": 2,
            "response": "Less than half of the time"
        },
        {
            "value": 3,
            "response": "More than half of the time"
        },
        {
            "value": 4,
            "response": "Most of the time"
        },
        {
            "value": 5,
            "response": "At all the time"
        }
    ],
    "answer": ""
}]